1|melanie123|melanie|12345
2|Matemovil|mate|123
3|Miguel|miguel@gmail.com|miguel123
4|usuario321|usuario1|123
5|rosa primorossa|rosa1|rosa123
6|usuario123|usuario@gmail.com|12345
7|melanie11|melanie11|123
8|lizeth|lizeth123|123
9|Usuario 1|usu1|u1
10|Usuario 2|usu1|u2
11|Usuario 3|usu1|u3
12|Usuario 4|usu1|u4
13|Alexis Davila Mundo|alexis|123
14|Jhon|jhon@gmail.com|jhon123
15|Alice|Alice@gmail.com|4l1c3
16|Nombre Apellido|prueba@gmail.com|prueba
17|Luis Trujillo|luis@gmail.com|luis123